Cohort,Year,Cohort type,Format,Start Date,End Date,Dynamic,Value before,Value after,Change,% Change,Participants
HE-Andrejewski-2024,2024,Higher Ed,Course,1/20/2024,4/21/2024,D1,4,4.7,0.7,18%,14
CWF-Bloom-2024,2024,AWCS,Retreat,6/10/2024,6/14/2024,D5,3.2,4.1,0.9,28%,17
CWF-Bloom-2024,2024,AWCS,Retreat,6/10/2024,6/14/2024,D6,3.2,4.2,1,31%,17
CWF-Bloom-2024,2024,AWCS,Retreat,6/10/2024,6/14/2024,D4,3.4,4.2,0.8,24%,17
CWF-Bloom-2024,2024,AWCS,Retreat,6/10/2024,6/14/2024,D8,3.6,4.4,0.8,22%,17
CW-Winter-2025,2025,Higher Ed,6-week,1/29/2025,3/12/2025,D3,3.6,4.1,0.5,14%,21
CWF-Bloom-2024,2024,AWCS,Retreat,6/10/2024,6/14/2024,D7,3.8,4.1,0.3,8%,17
CWF-Bloom-2024,2024,AWCS,Retreat,6/10/2024,6/14/2024,D2,4.2,4.5,0.3,7%,17
CWF-Bloom-2024,2024,AWCS,Retreat,6/10/2024,6/14/2024,D1,4.8,4.9,0.1,2%,17
CWF-Elohee-2024,2024,AWCS,Retreat,5/21/2024,5/25/2024,D4,3.5,4.3,0.8,23%,21
CWF-Elohee-2024,2024,AWCS,Retreat,5/21/2024,5/25/2024,D6,3.6,4.5,0.9,25%,21
CWF-Elohee-2024,2024,AWCS,Retreat,5/21/2024,5/25/2024,D7,3.6,4.4,0.8,22%,21
CWF-Elohee-2024,2024,AWCS,Retreat,5/21/2024,5/25/2024,D5,3.8,4.6,0.8,21%,21
CWF-Bloom-2024,2024,AWCS,Retreat,6/10/2024,6/14/2024,D3,3.8,4.4,0.6,16%,17
CWF-Elohee-2024,2024,AWCS,Retreat,5/21/2024,5/25/2024,D8,4.1,4.7,0.6,15%,21
CWF-Elohee-2024,2024,AWCS,Retreat,5/21/2024,5/25/2024,D2,4.2,4.6,0.4,10%,21
CWF-Elohee-2024,2024,AWCS,Retreat,5/21/2024,5/25/2024,D1,4.5,4.6,0.1,2%,21
CWF-Omega-2024,2024,AWCS,Retreat,6/2/2024,6/6/2024,D4,3.1,3.7,0.6,19%,25
CWF-Omega-2024,2024,AWCS,Retreat,6/2/2024,6/6/2024,D6,3.2,4,0.8,25%,25
CWF-Omega-2024,2024,AWCS,Retreat,6/2/2024,6/6/2024,D7,3.2,4.1,0.9,28%,25
CWF-Elohee-2024,2024,AWCS,Retreat,5/21/2024,5/25/2024,D3,4,4.4,0.4,10%,21
CWF-Omega-2024,2024,AWCS,Retreat,6/2/2024,6/6/2024,D5,3.8,3.9,0.1,3%,25
CWF-Omega-2024,2024,AWCS,Retreat,6/2/2024,6/6/2024,D8,3.8,4.3,0.5,13%,25
CWF-Omega-2024,2024,AWCS,Retreat,6/2/2024,6/6/2024,D2,3.9,4.2,0.3,8%,25
CWF-Omega-2024,2024,AWCS,Retreat,6/2/2024,6/6/2024,D1,4.7,4.9,0.2,4%,25
CWP-Omega-Fall2022,2022,AWCS,Retreat,9/1/2022,10/15/2022,D6,2.3,4,1.7,74%,25
CWP-Omega-Fall2022,2022,AWCS,Retreat,9/1/2022,10/15/2022,D7,2.8,3.9,1.1,39%,25
CWP-Omega-Fall2022,2022,AWCS,Retreat,9/1/2022,10/15/2022,D4,3,4,1,33%,25
CWP-Omega-Fall2022,2022,AWCS,Retreat,9/1/2022,10/15/2022,D5,3.1,3.7,0.6,19%,25
CWP-Omega-Fall2022,2022,AWCS,Retreat,9/1/2022,10/15/2022,D8,3.2,4.3,1.1,34%,25
CWF-Omega-2024,2024,AWCS,Retreat,6/2/2024,6/6/2024,D3,3.8,4.3,0.5,13%,25
CWP-Omega-Fall2022,2022,AWCS,Retreat,9/1/2022,10/15/2022,D2,3.9,4.3,0.4,10%,25
CWP-Omega-Fall2022,2022,AWCS,Retreat,9/1/2022,10/15/2022,D1,4.8,4.8,0,0%,25
CWP-Online-Fall2022,2022,AWCS,Course,9/1/2022,10/1/2022,D6,2.8,4.2,1.4,50%,40
CWP-Online-Fall2022,2022,AWCS,Course,9/1/2022,10/1/2022,D4,3.2,3.9,0.7,22%,40
CWP-Online-Fall2022,2022,AWCS,Course,9/1/2022,10/1/2022,D7,3.4,4.1,0.7,21%,40
CWP-Online-Fall2022,2022,AWCS,Course,9/1/2022,10/1/2022,D5,3.5,4.2,0.7,20%,40
CWP-Omega-Fall2022,2022,AWCS,Retreat,9/1/2022,10/15/2022,D3,3.3,4.3,1,30%,25
CWP-Online-Fall2022,2022,AWCS,Course,9/1/2022,10/1/2022,D8,3.9,4.6,0.7,18%,40
CWP-Online-Fall2022,2022,AWCS,Course,9/1/2022,10/1/2022,D2,4,4.3,0.3,8%,40
CWP-Online-Fall2022,2022,AWCS,Course,9/1/2022,10/1/2022,D1,4.8,4.8,0,0%,40
CWP-Online-Summer2022,2022,AWCS,Course,7/1/2022,8/1/2022,D6,2.3,3.8,1.5,65%,32
CWP-Online-Summer2022,2022,AWCS,Course,7/1/2022,8/1/2022,D7,2.8,3.7,0.9,32%,32
CWP-Online-Summer2022,2022,AWCS,Course,7/1/2022,8/1/2022,D4,2.9,3.9,1,34%,32
CWP-Online-Summer2022,2022,AWCS,Course,7/1/2022,8/1/2022,D8,3.3,4.4,1.1,33%,32
CWP-Online-Summer2022,2022,AWCS,Course,7/1/2022,8/1/2022,D5,3.4,3.9,0.5,15%,32
CWP-Online-Fall2022,2022,AWCS,Course,9/1/2022,10/1/2022,D3,3.8,4.8,1,26%,40
CWP-Online-Summer2022,2022,AWCS,Course,7/1/2022,8/1/2022,D2,3.8,4.4,0.6,16%,32
CWP-Online-Summer2022,2022,AWCS,Course,7/1/2022,8/1/2022,D1,4.5,4.9,0.4,9%,32
CWP-Online-Summer2023,2023,AWCS,Course,7/1/2023,8/1/2023,D4,3.1,3.9,0.8,26%,21
CWP-Online-Summer2023,2023,AWCS,Course,7/1/2023,8/1/2023,D6,3.3,4.6,1.3,39%,21
CWP-Online-Summer2023,2023,AWCS,Course,7/1/2023,8/1/2023,D7,3.4,4.5,1.1,32%,21
CWP-Online-Summer2023,2023,AWCS,Course,7/1/2023,8/1/2023,D5,3.5,4.5,1,29%,21
CWP-Online-Summer2023,2023,AWCS,Course,7/1/2023,8/1/2023,D8,3.8,4.6,0.8,21%,21
CWP-Online-Summer2022,2022,AWCS,Course,7/1/2022,8/1/2022,D3,3.7,4.5,0.8,22%,32
CWP-Online-Summer2023,2023,AWCS,Course,7/1/2023,8/1/2023,D2,4.3,4.7,0.4,9%,21
CWP-Online-Summer2023,2023,AWCS,Course,7/1/2023,8/1/2023,D1,4.7,4.7,0,0%,21
HE-Andrejewski-2025 ,2025,Higher Ed,Course,1/20/2025,4/21/2025,D1,4.3,4.7,0.4,9%,14
HE-Andrejewski-2024,,,,9/20/2024,12/21/2024,D1,4,4.7,0.7,18%,14
CWP-Online-Summer2023,2023,AWCS,Course,7/1/2023,8/1/2023,D3,3.9,4.5,0.6,15%,21
HE-Andrejewski-2024,2024,Higher Ed,Course,1/20/2024,4/21/2024,D2,3.4,4.3,0.9,26%,14
HE-Andrejewski-2025 ,2025,Higher Ed,Course,1/20/2025,4/21/2025,D2,3.7,4.3,0.6,16%,14
HE-Andrejewski-2024,,,,9/20/2024,12/21/2024,D2,3.4,4.1,0.7,21%,14
HE-Andrejewski-2024,2024,Higher Ed,Course,1/20/2024,4/21/2024,D3,2.9,3.9,1,34%,14
HE-Andrejewski-2025 ,2025,Higher Ed,Course,1/20/2025,4/21/2025,D3,2.9,3.9,1,34%,14
HE-Ciulla-2024,2024,Higher Ed,6-week,3/10/2024,3/10/2024,D6,2.75,4,1.25,45%,8
HE-Ciulla-2024,2024,Higher Ed,6-week,3/10/2024,3/10/2024,D7,3,4,1,33%,8
HE-Ciulla-2024,2024,Higher Ed,6-week,3/10/2024,3/10/2024,D4,3.13,3.43,0.3,10%,8
HE-Ciulla-2024,2024,Higher Ed,6-week,3/10/2024,3/10/2024,D5,3.25,4,0.75,23%,8
HE-Andrejewski-2024,,,,9/20/2024,12/21/2024,D3,2.8,3.9,1.1,39%,14
HE-Ciulla-2024,2024,Higher Ed,6-week,3/10/2024,3/10/2024,D8,3.75,4.57,0.82,22%,8
HE-Ciulla-2024,2024,Higher Ed,6-week,3/10/2024,3/10/2024,D1,3.88,4.57,0.69,18%,8
HE-Ciulla-2024,2024,Higher Ed,6-week,3/10/2024,3/10/2024,D2,3.88,4.14,0.26,7%,8
HE-Kim-Cohen-2024,2024,Higher Ed,Course,1/20/2024,4/21/2024,D7,2.24,3.29,1.05,47%,41
HE-Kim-Cohen-2024,2024,Higher Ed,Course,1/20/2024,4/21/2024,D6,2.45,3.77,1.32,54%,41
HE-Andrejewski-2024,2024,Higher Ed,Course,1/20/2024,4/21/2024,D4,2.6,4,1.4,54%,14
HE-Kim-Cohen-2024,2024,Higher Ed,Course,1/20/2024,4/21/2024,D4,3.06,3.74,0.68,22%,41
HE-Kim-Cohen-2024,2024,Higher Ed,Course,1/20/2024,4/21/2024,D5,3.09,4.17,1.08,35%,41
HE-Kim-Cohen-2024,2024,Higher Ed,Course,1/20/2024,4/21/2024,D8,3.27,4.09,0.82,25%,41
HE-Kim-Cohen-2024,2024,Higher Ed,Course,1/20/2024,4/21/2024,D2,3.58,4.09,0.51,14%,41
HE-Kim-Cohen-2024,2024,Higher Ed,Course,1/20/2024,4/21/2024,D1,4.03,4.31,0.28,7%,41
HE-McDuff-2024,2024,Higher Ed,Course,9/1/2024,11/1/2024,D6,3.05,4,0.95,31%,21
HE-McDuff-2024,2024,Higher Ed,Course,9/1/2024,11/1/2024,D4,3.38,3.58,0.2,6%,21
HE-McDuff-2024,2024,Higher Ed,Course,9/1/2024,11/1/2024,D5,3.38,3.63,0.25,7%,21
HE-McDuff-2024,2024,Higher Ed,Course,9/1/2024,11/1/2024,D7,3.62,3.95,0.33,9%,21
HE-McDuff-2024,2024,Higher Ed,Course,9/1/2024,11/1/2024,D8,4.05,4.21,0.16,4%,21
HE-AppState-2024,2024,Higher Ed,6-week,3/5/2025,4/16/2025,D3,3.8,4.7,0.9,24%,13
HE-McDuff-2024,2024,Higher Ed,Course,9/1/2024,11/1/2024,D2,4.24,4.21,-0.03,-1%,21
HE-McDuff-2024,2024,Higher Ed,Course,9/1/2024,11/1/2024,D1,4.33,4.58,0.25,6%,21
HE-Tanner-2024,2025,Higher Ed,Course,1/19/2025,3/5/2025,D1,4.1,4.2,0.1,2%,14
HE-Tanner-2024,2025,Higher Ed,Course,1/19/2025,3/5/2025,D2,3.6,3.8,0.2,6%,14
HE-Brown-2024,2025,Higher Ed,6-week,6/17/2025,7/29/2025,D3,3.6,4.2,0.6,17%,8
HE-Tanner-2024,2025,Higher Ed,Course,1/19/2025,3/5/2025,D4,3.1,3.9,0.8,26%,14
HE-Tanner-2024,2025,Higher Ed,Course,1/19/2025,3/5/2025,D5,3.7,3.8,0.1,3%,14
HE-Tanner-2024,2025,Higher Ed,Course,1/19/2025,3/5/2025,D6,2.7,3.4,0.7,26%,14
HE-Tanner-2024,2025,Higher Ed,Course,1/19/2025,3/5/2025,D7,2.9,3.4,0.5,17%,14
HE-Tanner-2024,2025,Higher Ed,Course,1/19/2025,3/5/2025,D8,3.5,3.6,0.1,3%,14
HE-Marty-Dugas-2024,2025,Higher Ed,6-week,1/22/2025,3/5/2025,D1,4.7,5,0.3,6%,9
HE-Marty-Dugas-2024,2025,Higher Ed,6-week,1/22/2025,3/5/2025,D2,3.8,4.2,0.4,11%,9
HE-Marty-Dugas-2024,2025,Higher Ed,6-week,1/22/2025,3/5/2025,D4,3.4,4,0.6,18%,9
HE-Marty-Dugas-2024,2025,Higher Ed,6-week,1/22/2025,3/5/2025,D5,3.3,3.8,0.5,15%,9
HE-Marty-Dugas-2024,2025,Higher Ed,6-week,1/22/2025,3/5/2025,D6,3.1,3.7,0.6,19%,9
HE-Marty-Dugas-2024,2025,Higher Ed,6-week,1/22/2025,3/5/2025,D7,3.1,3.7,0.6,19%,9
HE-Marty-Dugas-2024,2025,Higher Ed,6-week,1/22/2025,3/5/2025,D8,4,4.3,0.3,8%,9
HE-Stoeckl-2024,2025,Higher Ed,Course,1/30/2025,3/13/2025,D1,4.5,4.7,0.2,4%,22
HE-Stoeckl-2024,2025,Higher Ed,Course,1/30/2025,3/13/2025,D2,3.8,4.4,0.6,16%,22
HE-Ciulla-2024,2024,Higher Ed,6-week,3/10/2024,3/10/2024,D3,3.63,4,0.37,10%,8
HE-Stoeckl-2024,2025,Higher Ed,Course,1/30/2025,3/13/2025,D4,3.4,4.2,0.8,24%,22
HE-Stoeckl-2024,2025,Higher Ed,Course,1/30/2025,3/13/2025,D5,3.6,4.3,0.7,19%,22
HE-Stoeckl-2024,2025,Higher Ed,Course,1/30/2025,3/13/2025,D6,3,4,1,33%,22
HE-Stoeckl-2024,2025,Higher Ed,Course,1/30/2025,3/13/2025,D7,2.9,3.9,1,34%,22
HE-Stoeckl-2024,2025,Higher Ed,Course,1/30/2025,3/13/2025,D8,4,4.6,0.6,15%,22
HE-Olins-2024,2025,Higher Ed,Course,2/21/2025,4/1/2025,D1,4.1,4.8,0.7,17%,10
HE-Olins-2024,2025,Higher Ed,Course,2/21/2025,4/1/2025,D2,3.2,3.9,0.7,22%,10
HE-Fountain-2024,2025,Higher Ed,Retreat,4/11/2025,4/13/2025,D3,4.3,4.8,0.5,12%,11
HE-Olins-2024,2025,Higher Ed,Course,2/21/2025,4/1/2025,D4,2.7,3.6,0.9,33%,10
HE-Olins-2024,2025,Higher Ed,Course,2/21/2025,4/1/2025,D5,3.3,4.2,0.9,27%,10
HE-Olins-2024,2025,Higher Ed,Course,2/21/2025,4/1/2025,D6,2.5,3.4,0.9,36%,10
HE-Olins-2024,2025,Higher Ed,Course,2/21/2025,4/1/2025,D7,2.7,3.7,1,37%,10
HE-Olins-2024,2025,Higher Ed,Course,2/21/2025,4/1/2025,D8,3.9,4.6,0.7,18%,10
HE-Tozer-2024,2025,Higher Ed,Course,2/21/2025,4/1/2025,D1,3.8,4.6,0.8,21%,20
HE-Tozer-2024,2025,Higher Ed,Course,2/21/2025,4/1/2025,D2,2.8,4,1.2,43%,20
HE-Grant-2024,2025,Higher Ed,Course,1/20/2025,5/7/2025,D3,4.4,4.2,-0.2,-5%,6
HE-Tozer-2024,2025,Higher Ed,Course,2/21/2025,4/1/2025,D4,2.7,3.7,1,37%,20
HE-Tozer-2024,2025,Higher Ed,Course,2/21/2025,4/1/2025,D5,3.1,3.8,0.7,23%,20
HE-Tozer-2024,2025,Higher Ed,Course,2/21/2025,4/1/2025,D6,2.5,3.5,1,40%,20
HE-Tozer-2024,2025,Higher Ed,Course,2/21/2025,4/1/2025,D7,2.6,3.7,1.1,42%,20
HE-Tozer-2024,2025,Higher Ed,Course,2/21/2025,4/1/2025,D8,3.5,4.1,0.6,17%,20
HE-Watson-2024,2025,Higher Ed,Course,2/27/2025,4/10/2025,D1,4.4,4.8,0.4,9%,25
HE-Watson-2024,2025,Higher Ed,Course,2/27/2025,4/10/2025,D2,3.9,4.2,0.3,8%,25
HE-Harrington-2024,2024,Higher Ed,6-week,3/14/2025,4/25/2025,D3,4.1,4.3,0.2,5%,7
HE-Watson-2024,2025,Higher Ed,Course,2/27/2025,4/10/2025,D4,3.6,3.9,0.3,8%,25
HE-Watson-2024,2025,Higher Ed,Course,2/27/2025,4/10/2025,D5,3.7,4.2,0.5,14%,25
HE-Watson-2024,2025,Higher Ed,Course,2/27/2025,4/10/2025,D6,2.8,3.9,1.1,39%,25
HE-Watson-2024,2025,Higher Ed,Course,2/27/2025,4/10/2025,D7,3.5,4.1,0.6,17%,25
HE-Watson-2024,2025,Higher Ed,Course,2/27/2025,4/10/2025,D8,4.2,4.5,0.3,7%,25
HE-Menezes-2024,2025,Higher Ed,Course,2/28/2025,4/11/2025,D1,4.5,5,0.5,11%,8
HE-Menezes-2024,2025,Higher Ed,Course,2/28/2025,4/11/2025,D2,3.6,4.1,0.5,14%,8
HE-Hull-2024,2024,Higher Ed,Course,1/20/2025,4/16/2025,D3,2.6,3.3,0.7,27%,8
HE-Menezes-2024,2025,Higher Ed,Course,2/28/2025,4/11/2025,D4,3.1,3.7,0.6,19%,8
HE-Menezes-2024,2025,Higher Ed,Course,2/28/2025,4/11/2025,D5,2.8,3.7,0.9,32%,8
HE-Menezes-2024,2025,Higher Ed,Course,2/28/2025,4/11/2025,D6,2.4,3.7,1.3,54%,8
HE-Menezes-2024,2025,Higher Ed,Course,2/28/2025,4/11/2025,D7,2.1,4,1.9,90%,8
HE-Menezes-2024,2025,Higher Ed,Course,2/28/2025,4/11/2025,D8,2.9,4.4,1.5,52%,8
HE-Fountain-2024,2025,Higher Ed,Retreat,4/11/2025,4/13/2025,D1,4.9,5,0.1,2%,11
HE-Fountain-2024,2025,Higher Ed,Retreat,4/11/2025,4/13/2025,D2,4.3,4.4,0.1,2%,11
HE-Kim-Cohen-2024,2024,Higher Ed,Course,1/20/2024,4/21/2024,D3,2.48,3.54,1.06,43%,41
HE-Fountain-2024,2025,Higher Ed,Retreat,4/11/2025,4/13/2025,D4,3.3,4.4,1.1,33%,11
HE-Fountain-2024,2025,Higher Ed,Retreat,4/11/2025,4/13/2025,D5,3.6,4.1,0.5,14%,11
HE-Fountain-2024,2025,Higher Ed,Retreat,4/11/2025,4/13/2025,D6,3.3,4.4,1.1,33%,11
HE-Fountain-2024,2025,Higher Ed,Retreat,4/11/2025,4/13/2025,D7,3.7,4.3,0.6,16%,11
HE-Fountain-2024,2025,Higher Ed,Retreat,4/11/2025,4/13/2025,D8,4.1,4.6,0.5,12%,11
HE-Grant-2024,2025,Higher Ed,Course,1/20/2025,5/7/2025,D1,5,5,0,0%,6
HE-Grant-2024,2025,Higher Ed,Course,1/20/2025,5/7/2025,D2,3.6,4.4,0.8,22%,6
HE-Latus-2024 ,2025,Higher Ed,Retreat,4/28/2025,5/2/2025,D3,3,4.6,1.6,53%,8
HE-Grant-2024,2025,Higher Ed,Course,1/20/2025,5/7/2025,D4,2.8,3.8,1,36%,6
HE-Grant-2024,2025,Higher Ed,Course,1/20/2025,5/7/2025,D5,3.2,3.8,0.6,19%,6
HE-Grant-2024,2025,Higher Ed,Course,1/20/2025,5/7/2025,D6,3.2,4,0.8,25%,6
HE-Grant-2024,2025,Higher Ed,Course,1/20/2025,5/7/2025,D7,3.2,3.6,0.4,13%,6
HE-Grant-2024,2025,Higher Ed,Course,1/20/2025,5/7/2025,D8,4.6,4.8,0.2,4%,6
HE-Warner-2024,2025,Higher Ed,Course,1/20/2025,4/28/2025,D1,4,4.8,0.8,20%,12
HE-Warner-2024,2025,Higher Ed,Course,1/20/2025,4/28/2025,D2,3.7,4,0.3,8%,12
HE-Marty-Dugas-2024,2025,Higher Ed,6-week,1/22/2025,3/5/2025,D3,3.7,4.2,0.5,14%,9
HE-Warner-2024,2025,Higher Ed,Course,1/20/2025,4/28/2025,D4,3.4,4.2,0.8,24%,12
HE-Warner-2024,2025,Higher Ed,Course,1/20/2025,4/28/2025,D5,3.4,3.8,0.4,12%,12
HE-Warner-2024,2025,Higher Ed,Course,1/20/2025,4/28/2025,D6,2.6,3.9,1.3,50%,12
HE-Warner-2024,2025,Higher Ed,Course,1/20/2025,4/28/2025,D7,3.2,4.1,0.9,28%,12
HE-Warner-2024,2025,Higher Ed,Course,1/20/2025,4/28/2025,D8,3.9,4.5,0.6,15%,12
HE-McDuff-2024,2024,Higher Ed,Course,9/1/2024,11/1/2024,D3,4.1,4.37,0.27,7%,21
HE-Schroering-2024,2025,Higher Ed,6-week,3/19/2025,4/30/2025,D1,4.7,4.7,0,0%,17
HE-Schroering-2024,2025,Higher Ed,6-week,3/19/2025,4/30/2025,D2,3.4,3.9,0.5,15%,17
HE-Menezes-2024,2025,Higher Ed,Course,2/28/2025,4/11/2025,D3,3,3.9,0.9,30%,8
HE-Schroering-2024,2025,Higher Ed,6-week,3/19/2025,4/30/2025,D4,2.8,3.5,0.7,25%,17
HE-Schroering-2024,2025,Higher Ed,6-week,3/19/2025,4/30/2025,D5,3.4,3.5,0.1,3%,17
HE-Schroering-2024,2025,Higher Ed,6-week,3/19/2025,4/30/2025,D6,2.5,3.7,1.2,48%,17
HE-Schroering-2024,2025,Higher Ed,6-week,3/19/2025,4/30/2025,D7,2.9,4.1,1.2,41%,17
HE-Schroering-2024,2025,Higher Ed,6-week,3/19/2025,4/30/2025,D8,3.3,4.1,0.8,24%,17
HE-Brown-2024,2025,Higher Ed,6-week,6/17/2025,7/29/2025,D1,4.5,4.8,0.3,7%,8
HE-Brown-2024,2025,Higher Ed,6-week,6/17/2025,7/29/2025,D2,4.1,4.6,0.5,12%,8
HE-Olins-2024,2025,Higher Ed,Course,2/21/2025,4/1/2025,D3,3.2,4.2,1,31%,10
HE-Brown-2024,2025,Higher Ed,6-week,6/17/2025,7/29/2025,D4,2.6,3.4,0.8,31%,8
HE-Brown-2024,2025,Higher Ed,6-week,6/17/2025,7/29/2025,D5,3,3.8,0.8,27%,8
HE-Brown-2024,2025,Higher Ed,6-week,6/17/2025,7/29/2025,D6,2.4,3.6,1.2,50%,8
HE-Brown-2024,2025,Higher Ed,6-week,6/17/2025,7/29/2025,D7,2.9,3.6,0.7,24%,8
HE-Brown-2024,2025,Higher Ed,6-week,6/17/2025,7/29/2025,D8,3.8,4.6,0.8,21%,8
HE-Latus-2024 ,2025,Higher Ed,Retreat,4/28/2025,5/2/2025,D1,4.5,4.9,0.4,9%,8
HE-Latus-2024 ,2025,Higher Ed,Retreat,4/28/2025,5/2/2025,D2,3.6,3.5,-0.1,-3%,8
HE-Schroering-2024,2025,Higher Ed,6-week,3/19/2025,4/30/2025,D3,3.3,3.7,0.4,12%,17
HE-Latus-2024 ,2025,Higher Ed,Retreat,4/28/2025,5/2/2025,D4,3.1,4.1,1,32%,8
HE-Latus-2024 ,2025,Higher Ed,Retreat,4/28/2025,5/2/2025,D5,2.8,4.3,1.5,54%,8
HE-Latus-2024 ,2025,Higher Ed,Retreat,4/28/2025,5/2/2025,D6,2.4,3.8,1.4,58%,8
HE-Latus-2024 ,2025,Higher Ed,Retreat,4/28/2025,5/2/2025,D7,2.1,4,1.9,90%,8
HE-Latus-2024 ,2025,Higher Ed,Retreat,4/28/2025,5/2/2025,D8,2.8,4.4,1.6,57%,8
HE-Strand-2024,2025,Higher Ed,Course,1/20/2025,4/29/2025,D1,4.5,5,0.5,11%,6
HE-Strand-2024,2025,Higher Ed,Course,1/20/2025,4/29/2025,D2,4.3,4.7,0.4,9%,6
HE-Smith-2024,2025,Higher Ed,Retreat,4/19/2025,4/21/2025,D3,3.3,4.2,0.9,27%,6
HE-Strand-2024,2025,Higher Ed,Course,1/20/2025,4/29/2025,D4,2.3,3.8,1.5,65%,6
HE-Strand-2024,2025,Higher Ed,Course,1/20/2025,4/29/2025,D5,3.5,4.5,1,29%,6
HE-Strand-2024,2025,Higher Ed,Course,1/20/2025,4/29/2025,D6,3,4.3,1.3,43%,6
HE-Strand-2024,2025,Higher Ed,Course,1/20/2025,4/29/2025,D7,2.8,3.8,1,36%,6
HE-Strand-2024,2025,Higher Ed,Course,1/20/2025,4/29/2025,D8,4.3,4.7,0.4,9%,6
HE-Harrington-2024,2024,Higher Ed,6-week,3/14/2025,4/25/2025,D1,5,5,0,0%,7
HE-Harrington-2024,2024,Higher Ed,6-week,3/14/2025,4/25/2025,D2,3.7,4.1,0.4,11%,7
HE-Stoeckl-2024,2025,Higher Ed,Course,1/30/2025,3/13/2025,D3,4.1,4.3,0.2,5%,22
HE-Harrington-2024,2024,Higher Ed,6-week,3/14/2025,4/25/2025,D4,2.9,4.1,1.2,41%,7
HE-Harrington-2024,2024,Higher Ed,6-week,3/14/2025,4/25/2025,D5,3.7,4.1,0.4,11%,7
HE-Harrington-2024,2024,Higher Ed,6-week,3/14/2025,4/25/2025,D6,3.4,4.6,1.2,35%,7
HE-Harrington-2024,2024,Higher Ed,6-week,3/14/2025,4/25/2025,D7,4.4,4.6,0.2,5%,7
HE-Harrington-2024,2024,Higher Ed,6-week,3/14/2025,4/25/2025,D8,4.1,4.4,0.3,7%,7
HE-Andrejewski-2025 ,2025,Higher Ed,Course,1/20/2025,4/21/2025,D4,2.9,3.9,1,34%,14
HE-Andrejewski-2024,,,,9/20/2024,12/21/2024,D4,2.9,4,1.1,38%,14
HE-Strand-2024,2025,Higher Ed,Course,1/20/2025,4/29/2025,D3,3.5,4.2,0.7,20%,6
HE-Andrejewski-2024,2024,Higher Ed,Course,1/20/2024,4/21/2024,D5,3.6,4,0.4,11%,14
HE-Andrejewski-2025 ,2025,Higher Ed,Course,1/20/2025,4/21/2025,D5,3.1,4.1,1,32%,14
HE-Andrejewski-2024,,,,9/20/2024,12/21/2024,D5,3.6,4.1,0.5,14%,14
HE-Andrejewski-2024,2024,Higher Ed,Course,1/20/2024,4/21/2024,D6,2.6,3.6,1,38%,14
HE-Andrejewski-2025 ,2025,Higher Ed,Course,1/20/2025,4/21/2025,D6,2.4,4,1.6,67%,14
HE-Smith-2024,2025,Higher Ed,Retreat,4/19/2025,4/21/2025,D1,4.3,4.8,0.5,12%,23
HE-Smith-2024,2025,Higher Ed,Retreat,4/19/2025,4/21/2025,D2,3.6,4.2,0.6,17%,23
HE-Tanner-2024,2025,Higher Ed,Course,1/19/2025,3/5/2025,D3,3.2,3.3,0.1,3%,14
HE-Smith-2024,2025,Higher Ed,Retreat,4/19/2025,4/21/2025,D4,2.9,3.9,1,34%,23
HE-Smith-2024,2025,Higher Ed,Retreat,4/19/2025,4/21/2025,D5,3.4,4,0.6,18%,23
HE-Smith-2024,2025,Higher Ed,Retreat,4/19/2025,4/21/2025,D6,2.7,3.9,1.2,44%,23
HE-Smith-2024,2025,Higher Ed,Retreat,4/19/2025,4/21/2025,D7,2.8,4.1,1.3,46%,23
HE-Smith-2024,2025,Higher Ed,Retreat,4/19/2025,4/21/2025,D8,3.7,4.5,0.8,22%,23
HE-Hull-2024,2024,Higher Ed,Course,1/20/2025,4/16/2025,D1,4,4.6,0.6,15%,8
HE-Hull-2024,2024,Higher Ed,Course,1/20/2025,4/16/2025,D2,3.3,3.9,0.6,18%,8
HE-Tozer-2024,2025,Higher Ed,Course,2/21/2025,4/1/2025,D3,2.5,3.9,1.4,56%,20
HE-Hull-2024,2024,Higher Ed,Course,1/20/2025,4/16/2025,D4,3.6,4,0.4,11%,8
HE-Hull-2024,2024,Higher Ed,Course,1/20/2025,4/16/2025,D5,2.8,3.9,1.1,39%,8
HE-Hull-2024,2024,Higher Ed,Course,1/20/2025,4/16/2025,D6,2.4,3.9,1.5,63%,8
HE-Hull-2024,2024,Higher Ed,Course,1/20/2025,4/16/2025,D7,2.4,3.7,1.3,54%,8
HE-Hull-2024,2024,Higher Ed,Course,1/20/2025,4/16/2025,D8,2.9,4.4,1.5,52%,8
HE-AppState-2024,2024,Higher Ed,6-week,3/5/2025,4/16/2025,D1,4.8,5,0.2,4%,13
HE-AppState-2024,2024,Higher Ed,6-week,3/5/2025,4/16/2025,D2,4.3,4.5,0.2,5%,13
HE-Warner-2024,2025,Higher Ed,Course,1/20/2025,4/28/2025,D3,2.9,4,1.1,38%,12
HE-AppState-2024,2024,Higher Ed,6-week,3/5/2025,4/16/2025,D4,3.4,4.5,1.1,32%,13
HE-AppState-2024,2024,Higher Ed,6-week,3/5/2025,4/16/2025,D5,3.6,4,0.4,11%,13
HE-AppState-2024,2024,Higher Ed,6-week,3/5/2025,4/16/2025,D6,3.3,4,0.7,21%,13
HE-AppState-2024,2024,Higher Ed,6-week,3/5/2025,4/16/2025,D7,3.7,4.1,0.4,11%,13
HE-AppState-2024,2024,Higher Ed,6-week,3/5/2025,4/16/2025,D8,4.5,5,0.5,11%,13
CW-Winter-2025,2025,Higher Ed,6-week,1/29/2025,3/12/2025,D1,4.4,4.7,0.3,7%,21
CW-Winter-2025,2025,Higher Ed,6-week,1/29/2025,3/12/2025,D2,3.8,4.1,0.3,8%,21
HE-Watson-2024,2025,Higher Ed,Course,2/27/2025,4/10/2025,D3,3.8,3.9,0.1,3%,25
CW-Winter-2025,2025,Higher Ed,6-week,1/29/2025,3/12/2025,D4,3.3,3.6,0.3,9%,21
CW-Winter-2025,2025,Higher Ed,6-week,1/29/2025,3/12/2025,D5,3.6,4.2,0.6,17%,21
CW-Winter-2025,2025,Higher Ed,6-week,1/29/2025,3/12/2025,D6,3.3,3.9,0.6,18%,21
CW-Winter-2025,2025,Higher Ed,6-week,1/29/2025,3/12/2025,D7,3.8,3.8,0,0%,21
CW-Winter-2025,2025,Higher Ed,6-week,1/29/2025,3/12/2025,D8,3.3,3.8,0.5,15%,21
HE-AppState-2025,,,,9/1/2025,9/3/2025,D1,4.3,4.8,0.5,12%,16
HE-AppState-2025,,,,9/1/2025,9/3/2025,D2,4,4.3,0.3,8%,16
HE-AppState-2025,,,,9/1/2025,9/3/2025,D3,3.7,4.3,0.6,16%,16
HE-AppState-2025,,,,9/1/2025,9/3/2025,D4,3.4,4,0.6,18%,16
HE-AppState-2025,,,,9/1/2025,9/3/2025,D5,3.4,4.2,0.8,24%,16
HE-AppState-2025,,,,9/1/2025,9/3/2025,D6,3.4,4,0.6,18%,16
HE-AppState-2025,,,,9/1/2025,9/3/2025,D7,3.4,4,0.6,18%,16
HE-AppState-2025,,,,9/1/2025,9/3/2025,D8,4,4.4,0.4,10%,16
HE-Kim-Cohen-2025,,,,9/15/2025,11/7/2025,D1,4.3,4.7,0.4,9%,14
HE-Kim-Cohen-2025,,,,9/15/2025,11/7/2025,D2,3.4,4.1,0.7,21%,14
HE-Kim-Cohen-2025,,,,9/15/2025,11/7/2025,D3,3.6,4.2,0.6,17%,14
HE-Kim-Cohen-2025,,,,9/15/2025,11/7/2025,D4,3.2,4,0.8,25%,14
HE-Kim-Cohen-2025,,,,9/15/2025,11/7/2025,D5,3.2,4.2,1,31%,14
HE-Kim-Cohen-2025,,,,9/15/2025,11/7/2025,D6,2.3,4.2,1.9,83%,14
HE-Kim-Cohen-2025,,,,9/15/2025,11/7/2025,D7,3,4.2,1.2,40%,14
HE-Kim-Cohen-2025,,,,9/15/2025,11/7/2025,D8,3.7,4.8,1.1,30%,14
HE-Vaught-2025,,,,6/15/2025,9/16/2025,D1,3.9,4.3,0.4,10%,26
HE-Vaught-2025,,,,6/15/2025,9/16/2025,D2,3.5,3.8,0.3,9%,26
HE-Vaught-2025,,,,6/15/2025,9/16/2025,D3,3.5,3.7,0.2,6%,26
HE-Vaught-2025,,,,6/15/2025,9/16/2025,D4,3.9,3.9,0,0%,26
HE-Vaught-2025,,,,6/15/2025,9/16/2025,D5,3.7,4.4,0.7,19%,26
HE-Vaught-2025,,,,6/15/2025,9/16/2025,D6,3.3,4.1,0.8,24%,26
HE-Vaught-2025,,,,6/15/2025,9/16/2025,D7,3.6,4,0.4,11%,26
HE-Vaught-2025,,,,6/15/2025,9/16/2025,D8,4.2,4,-0.2,-5%,26
HE-Cornes-2025,,,,6/15/2025,9/16/2025,D1,4.1,4.5,0.4,10%,16
HE-Cornes-2025,,,,6/15/2025,9/16/2025,D2,3.1,3.6,0.5,16%,16
HE-Cornes-2025,,,,6/15/2025,9/16/2025,D3,3.1,3.8,0.7,23%,16
HE-Cornes-2025,,,,6/15/2025,9/16/2025,D4,2.6,3.3,0.7,27%,16
HE-Cornes-2025,,,,6/15/2025,9/16/2025,D5,3.2,4.1,0.9,28%,16
HE-Cornes-2025,,,,6/15/2025,9/16/2025,D6,2.4,3.6,1.2,50%,16
HE-Cornes-2025,,,,6/15/2025,9/16/2025,D7,3.1,3.9,0.8,26%,16
HE-Cornes-2025,,,,6/15/2025,9/16/2025,D8,3.4,4.1,0.7,21%,16
HE-Tripuraneni-2025,,,,6/15/2025,9/15/2025,D1,4,4.4,0.4,10%,27
HE-Tripuraneni-2025,,,,6/15/2025,9/15/2025,D2,3.5,4,0.5,14%,27
HE-Tripuraneni-2025,,,,6/15/2025,9/15/2025,D3,3.6,3.9,0.3,8%,27
HE-Tripuraneni-2025,,,,6/15/2025,9/15/2025,D4,3.3,3.8,0.5,15%,27
HE-Tripuraneni-2025,,,,6/15/2025,9/15/2025,D5,3.6,3.9,0.3,8%,27
HE-Tripuraneni-2025,,,,6/15/2025,9/15/2025,D6,2.8,3.4,0.6,21%,27
HE-Tripuraneni-2025,,,,6/15/2025,9/15/2025,D7,3,3.8,0.8,27%,27
HE-Tripuraneni-2025,,,,6/15/2025,9/15/2025,D8,4.3,4.3,0,0%,27
HE-Andrejewski-2024,,,,9/20/2024,12/21/2024,D6,2.6,4,1.4,54%,14
HE-Andrejewski-2024,2024,Higher Ed,Course,1/20/2024,4/21/2024,D7,3.4,3.8,0.4,12%,14
HE-Andrejewski-2025 ,2025,Higher Ed,Course,1/20/2025,4/21/2025,D7,2.7,4.1,1.4,52%,14
HE-Andrejewski-2024,,,,9/20/2024,12/21/2024,D7,3.4,4.1,0.7,21%,14
HE-Andrejewski-2024,2024,Higher Ed,Course,1/20/2024,4/21/2024,D8,3.6,4.6,1,28%,14
HE-Andrejewski-2025 ,2025,Higher Ed,Course,1/20/2025,4/21/2025,D8,3.6,4,0.4,11%,14
HE-Andrejewski-2024,,,,9/20/2024,12/21/2024,D8,3.6,4.6,1,28%,14
HE-Silverman-2025,,,,10/3/2025,10/6/2025,D1,4.1,4.4,0.3,7%,16
HE-Silverman-2025,,,,10/3/2025,10/6/2025,D2,3.4,4.1,0.7,21%,16
HE-Silverman-2025,,,,10/3/2025,10/6/2025,D3,3.2,3.9,0.7,22%,16
HE-Silverman-2025,,,,10/3/2025,10/6/2025,D4,2.8,3.7,0.9,32%,16
HE-Silverman-2025,,,,10/3/2025,10/6/2025,D5,3.5,3.6,0.1,3%,16
HE-Silverman-2025,,,,10/3/2025,10/6/2025,D6,2.8,3.6,0.8,29%,16
HE-Silverman-2025,,,,10/3/2025,10/6/2025,D7,3.1,3.8,0.7,23%,16
HE-Silverman-2025,,,,10/3/2025,10/6/2025,D8,3.2,4.1,0.9,28%,16
HE-Hawkins-2025,,,,6/15/2025,8/6/2025,D1,4.5,4.8,0.3,7%,12
HE-Hawkins-2025,,,,6/15/2025,8/6/2025,D2,3.8,3.8,0,0%,12
HE-Hawkins-2025,,,,6/15/2025,8/6/2025,D3,3.3,3.9,0.6,18%,12
HE-Hawkins-2025,,,,6/15/2025,8/6/2025,D4,2.7,3.8,1.1,41%,12
HE-Hawkins-2025,,,,6/15/2025,8/6/2025,D5,3.3,3.9,0.6,18%,12
HE-Hawkins-2025,,,,6/15/2025,8/6/2025,D6,2.6,3.8,1.2,46%,12
HE-Hawkins-2025,,,,6/15/2025,8/6/2025,D7,3.1,3.5,0.4,13%,12
HE-Hawkins-2025,,,,6/15/2025,8/6/2025,D8,3.4,4.3,0.9,26%,12
HE-McDuff-2025,,,,9/29/2025,10/3/2025,D1,4.5,4.9,0.4,9%,21
HE-McDuff-2025,,,,9/29/2025,10/3/2025,D2,4.2,4.7,0.5,12%,21
HE-McDuff-2025,,,,9/29/2025,10/3/2025,D3,3.3,4.3,1,30%,21
HE-McDuff-2025,,,,9/29/2025,10/3/2025,D4,3.2,4,0.8,25%,21
HE-McDuff-2025,,,,9/29/2025,10/3/2025,D5,3.4,4.2,0.8,24%,21
HE-McDuff-2025,,,,9/29/2025,10/3/2025,D6,2.9,3.9,1,34%,21
HE-McDuff-2025,,,,9/29/2025,10/3/2025,D7,3.1,4,0.9,29%,21
HE-McDuff-2025,,,,9/29/2025,10/3/2025,D8,4.5,4.5,0,0%,21
HE-Ciulla-2025,,,,6/15/2025,9/12/2025,D1,4.4,4.6,0.2,5%,13
HE-Ciulla-2025,,,,6/15/2025,9/12/2025,D2,4,4.4,0.4,10%,13
HE-Ciulla-2025,,,,6/15/2025,9/12/2025,D3,3.3,4.4,1.1,33%,13
HE-Ciulla-2025,,,,6/15/2025,9/12/2025,D4,3,3.7,0.7,23%,13
HE-Ciulla-2025,,,,6/15/2025,9/12/2025,D5,2.8,4.1,1.3,46%,13
HE-Ciulla-2025,,,,6/15/2025,9/12/2025,D6,2.2,4,1.8,82%,13
HE-Ciulla-2025,,,,6/15/2025,9/12/2025,D7,2.8,4.2,1.4,50%,13
HE-Ciulla-2025,,,,6/15/2025,9/12/2025,D8,3.5,4.4,0.9,26%,13
HE-Catron-2025,2025,Higher Ed,Retreat,6/26/2025,6/29/2025,D1,4.6,4.9,0.3,7%,12
HE-Catron-2025,2025,Higher Ed,Retreat,6/26/2025,6/29/2025,D2,3.2,4.5,1.3,41%,12
HE-Catron-2025,2025,Higher Ed,Retreat,6/26/2025,6/29/2025,D3,2.8,4,1.2,43%,12
HE-Catron-2025,2025,Higher Ed,Retreat,6/26/2025,6/29/2025,D4,2.9,4.1,1.2,41%,12
HE-Catron-2025,2025,Higher Ed,Retreat,6/26/2025,6/29/2025,D5,2.6,4.2,1.6,62%,12
HE-Catron-2025,2025,Higher Ed,Retreat,6/26/2025,6/29/2025,D6,2.3,3.9,1.6,70%,12
HE-Catron-2025,2025,Higher Ed,Retreat,6/26/2025,6/29/2025,D7,2.7,4.2,1.5,56%,12
HE-Catron-2025,2025,Higher Ed,Retreat,6/26/2025,6/29/2025,D8,3.3,5.6,2.3,70%,12